t,pressure
0,80721.76
0.02,80548.8
0.04,81216.64
0.06,80551.2
0.08,80112.8
0.1,79747.2
0.12,80001.12
0.14,81742.88
0.16,80274.24
0.18,81756.8
0.2,81744.0
0.22,81129.12
0.24,81925.92
0.26,82017.12
0.28,81005.12
0.3,81567.68000000001
0.32,80710.72
0.34,81364.16
0.36,81322.08
0.38,80304.64
0.4,81477.28
0.42,79908.48
0.44,80206.72
0.46,80228.64
0.48,80742.40000000001
0.5,81058.24
0.52,80154.88
0.54,80962.88
0.56,79889.44
0.58,79768.48
0.6,79260.32
0.62,81029.6
0.64,80564.16
0.66,81014.72
0.68,81248.16
0.7000000000000001,80645.76
0.72,80285.6
0.74,80706.24
0.76,80958.24
0.78,79974.72
0.8,81187.04000000001
0.8200000000000001,81719.04000000001
0.84,80764.32
0.86,79438.24
0.88,81155.36
0.9,80290.88
0.92,81247.04000000001
0.9400000000000001,79894.72
0.96,81159.36
0.98,79458.08
1.0,81458.72
1.02,80281.92
1.04,80232.96
1.06,80379.68000000001
1.08,80138.72
1.1,80289.44
1.12,80998.72
1.1400000000000001,80569.28
1.16,80050.08
1.18,80199.68000000001
1.2,79624.0
1.22,80490.24
1.24,80196.96
1.26,80078.24
1.28,80157.76
1.3,79965.6
1.32,79745.44
1.34,80343.36
1.36,79070.72
1.3800000000000001,80104.48
1.4000000000000001,80138.24
1.42,80557.28
1.44,79140.96
1.46,80375.36
1.48,80727.84
1.5,79482.40000000001
1.52,80400.48
1.54,79209.76
1.56,80201.44
1.58,80529.12
1.6,79845.6
1.62,79221.28
1.6400000000000001,79448.16
1.6600000000000001,80445.76
1.68,79360.8
1.7,78981.76
1.72,80075.04000000001
1.74,80534.88
1.76,79643.52
1.78,80568.8
1.8,79460.16
1.82,78861.6
1.84,78544.64
1.86,80009.12
1.8800000000000001,80013.12
1.9000000000000001,79301.92
1.92,79315.36
1.94,78850.72
1.96,78983.04000000001
1.98,78619.84
2.0,78513.12
2.02,78973.12
2.04,78678.40000000001
2.06,78938.24
2.08,78506.40000000001
2.1,78824.16
2.12,78778.40000000001
2.14,78175.36
2.16,78306.40000000001
2.18,78377.44
2.2,77880.64
2.22,78460.64
2.24,78716.48
2.2600000000000002,78854.08
2.2800000000000002,77301.28
2.3000000000000003,78165.6
2.32,77391.84
2.34,79170.24
2.36,78294.88
2.38,77623.04000000001
2.4,78138.40000000001
2.42,78339.04000000001
2.44,78604.48
2.46,78826.88
2.48,78131.68000000001
2.5,78233.6
2.52,78168.8
2.54,78042.56
2.56,78487.68000000001
2.58,78180.16
2.6,77704.64
2.62,78278.88
2.64,77797.44
2.66,77545.6
2.68,77657.44
2.7,78884.64
2.72,77174.24
2.74,78082.24
2.7600000000000002,77379.52
2.7800000000000002,78836.48
2.8000000000000003,77529.76
2.82,78350.72
2.84,76945.12
2.86,77057.44
2.88,77784.32
2.9,76112.0
2.92,77424.96
2.94,77374.24
2.96,76207.36
2.98,76570.08
3.0,76881.44
3.02,76793.92
3.04,77457.12
3.06,76714.56
3.08,77014.40000000001
3.1,77360.96
3.12,77490.56
3.14,76347.84
3.16,77223.84
3.18,77320.32
3.2,77246.88
3.22,76542.88
3.24,75979.84
3.2600000000000002,75933.6
3.2800000000000002,76137.6
3.3000000000000003,75973.92
3.3200000000000003,76043.36
3.34,75463.2
3.36,76762.56
3.38,76140.8
3.4,76150.88
3.42,75353.92
3.44,75791.84
3.46,75541.6
3.48,75984.0
3.5,75386.72
3.52,75334.08
3.54,75887.52
3.56,75766.72
3.58,75332.96
3.6,74279.84
3.62,75805.12
3.64,74133.6
3.66,74435.84
3.68,75231.84
3.7,75169.12
3.72,75055.04000000001
3.74,75033.28
3.7600000000000002,74793.44
3.7800000000000002,75505.44
3.8000000000000003,74679.04000000001
3.8200000000000003,74402.56
3.84,74732.96
3.86,75511.2
3.88,74541.6
3.9,74812.16
3.92,74728.96
3.94,74829.28
3.96,75066.40000000001
3.98,75213.12
4.0,74769.76
4.0200000000000005,75032.64
4.04,74395.84
4.0600000000000005,74258.40000000001
4.08,74004.96
4.1,74721.76
4.12,73482.24
4.14,74512.0
4.16,74886.56
4.18,73966.88
4.2,74024.16
4.22,73879.36
4.24,74244.0
4.26,73509.76
4.28,73702.40000000001
4.3,74108.32
4.32,74153.44
4.34,73943.84
4.36,74010.56
4.38,73640.48
4.4,73267.04000000001
4.42,73379.84
4.44,73496.0
4.46,73127.36
4.48,74446.24
4.5,72796.64
4.5200000000000005,73768.8
4.54,74303.84
4.5600000000000005,72826.08
4.58,73274.72
4.6000000000000005,72605.76
4.62,73563.2
4.64,72875.36
4.66,73193.6
4.68,73209.76
4.7,73168.16
4.72,72982.88
4.74,71994.56
4.76,72719.52
4.78,72092.0
4.8,72996.0
4.82,72472.64
4.84,73209.28
4.86,71927.84
4.88,72505.6
4.9,71565.44
4.92,71645.12
4.94,72392.16
4.96,72571.2
4.98,72471.68000000001
5.0,71826.40000000001
5.0200000000000005,71863.04000000001
5.04,72589.76
5.0600000000000005,72011.2
5.08,71438.56
5.1000000000000005,71283.68000000001
5.12,73040.32
5.14,71954.40000000001
5.16,71361.28
5.18,72155.36
5.2,72726.56
5.22,71898.72
5.24,72823.04000000001
5.26,72261.92
5.28,70919.2
5.3,71634.40000000001
5.32,71779.36
5.34,71165.44
5.36,72215.68000000001
5.38,72013.92
5.4,71663.2
5.42,71218.88
5.44,71471.68000000001
5.46,71356.32
5.48,71060.48
5.5,71647.84
5.5200000000000005,70946.40000000001
5.54,70845.76
5.5600000000000005,70940.32
5.58,70752.96
5.6000000000000005,71353.6
5.62,71410.88
5.64,70397.12
5.66,70677.92
5.68,71226.24
5.7,70457.92
5.72,71139.84
5.74,70838.40000000001
5.76,70990.40000000001
5.78,70489.28
5.8,70137.12
5.82,71099.36
5.84,69291.68000000001
5.86,70794.08
5.88,70271.36
5.9,70375.52
5.92,70657.76
5.94,69758.56
5.96,69959.36
5.98,70305.92
6.0,70015.68000000001
6.0200000000000005,69662.24
6.04,69630.08
6.0600000000000005,69684.96
6.08,69063.04000000001
6.1000000000000005,69355.36
6.12,69383.84
6.140000000000001,68510.88
6.16,70074.40000000001
6.18,69113.44
6.2,69866.4
6.22,69230.24
6.24,70128.16
6.26,69860.16
6.28,69462.88
6.3,68896.16
6.32,69104.8
6.34,69487.2
6.36,68808.96
6.38,70148.0
6.4,69197.6
6.42,69176.16
6.44,68815.2
6.46,68957.76
6.48,69751.84
6.5,69962.72
6.5200000000000005,69632.64
6.54,69314.24
6.5600000000000005,69005.76
6.58,68666.56
6.6000000000000005,69292.16
6.62,70297.28
6.640000000000001,69501.44
6.66,68810.56
6.68,69328.48
6.7,69122.4
6.72,69115.04000000001
6.74,67708.0
6.76,68715.52
6.78,68198.88
6.8,69432.32
6.82,68013.76
6.84,68767.68000000001
6.86,68788.96
6.88,68895.52
6.9,68564.16
6.92,68715.68000000001
6.94,68568.64
6.96,69100.0
6.98,68013.12
7.0,68560.64
7.0200000000000005,66877.92
7.04,67689.76
7.0600000000000005,67772.8
7.08,67339.2
7.1000000000000005,68136.96
7.12,68119.52
7.140000000000001,68186.72
7.16,67616.0
7.18,67817.92
7.2,67870.88
7.22,66943.68000000001
7.24,66328.8
7.26,67830.72
7.28,67688.64
7.3,68363.84
7.32,68070.24
7.34,68179.2
7.36,67472.48
7.38,67241.92
7.4,67908.64
7.42,68222.24
7.44,67040.0
7.46,66962.08
7.48,66800.32
7.5,67838.56
7.5200000000000005,67815.68000000001
7.54,66388.32
7.5600000000000005,66920.8
7.58,67641.92
7.6000000000000005,67208.0
7.62,67353.12
7.640000000000001,66663.52
7.66,66401.76
7.68,67183.68000000001
7.7,66536.0
7.72,66916.32
7.74,66784.32
7.76,67099.2
7.78,66841.76
7.8,66934.88
7.82,66643.2
7.84,66363.04000000001
7.86,66737.92
7.88,65913.6
7.9,66757.6
7.92,65963.04000000001
7.94,66356.64
7.96,66807.52
7.98,65603.84
8.0,66163.04000000001
8.02,66330.08
8.040000000000001,66042.4
8.06,66799.36
8.08,65812.0
8.1,65283.04
8.120000000000001,66297.44
8.14,66876.8
8.16,65406.24
8.18,67050.24
8.2,66566.4
8.22,66247.84
8.24,65672.48
8.26,65911.36
8.28,65829.28
8.3,66515.84
8.32,66305.92
8.34,66326.88
8.36,65972.16
8.38,65294.560000000005
8.4,65542.24
8.42,65804.32
8.44,66269.28
8.46,65244.48
8.48,66105.12
8.5,65588.8
8.52,65107.840000000004
8.540000000000001,66251.84
8.56,65304.32
8.58,65615.2
8.6,65498.880000000005
8.620000000000001,65454.08
8.64,65633.12
8.66,66271.2
8.68,65321.28
8.700000000000001,65363.04
8.72,65163.36
8.74,64887.840000000004
8.76,64085.6
8.78,64821.76
8.8,64400.48
8.82,64187.200000000004
8.84,66263.2
8.86,65047.68
8.88,65437.76
8.9,65943.52
8.92,65440.0
8.94,64895.840000000004
8.96,64867.36
8.98,64807.04
9.0,64744.48
9.02,65218.4
9.040000000000001,64683.36
9.06,64591.36
9.08,64726.560000000005
9.1,65392.0
9.120000000000001,63518.4
9.14,64821.12
9.16,64043.840000000004
9.18,64859.200000000004
9.200000000000001,65341.6
9.22,65063.68
9.24,63931.200000000004
9.26,65183.200000000004
9.28,64232.32
9.3,65448.0
9.32,64361.6
9.34,63517.6
9.36,64396.64
9.38,64474.08
9.4,64704.8
9.42,64132.32
9.44,64025.28
9.46,64670.880000000005
9.48,65028.0
9.5,63419.200000000004
9.52,64047.68
9.540000000000001,65410.08
9.56,63597.28
9.58,63441.92
9.6,63623.04
9.620000000000001,63711.840000000004
9.64,63703.840000000004
9.66,63554.560000000005
9.68,63311.520000000004
9.700000000000001,64675.04
9.72,63769.44
9.74,64342.4
9.76,63606.4
9.78,63020.48
9.8,63600.32
9.82,63468.32
9.84,63577.76
9.86,62815.68
9.88,62935.36
9.9,63303.520000000004
9.92,63748.16
9.94,62998.560000000005
9.96,64260.8
9.98,63044.64
10.0,62757.44
10.02,63151.520000000004
10.040000000000001,63180.64
10.06,63438.08
10.08,62846.4
10.1,62914.4
10.120000000000001,63080.32
10.14,62323.36
10.16,64426.4
10.18,63345.12
10.200000000000001,62943.36
10.22,64104.64
10.24,63111.36
10.26,63289.76
10.28,62595.200000000004
10.3,63280.8
10.32,62748.48
10.34,63575.36
10.36,62291.04
10.38,63254.72
10.4,63454.08
10.42,62935.200000000004
10.44,63810.560000000005
10.46,62052.96
10.48,62798.4
10.5,63104.16
10.52,63444.16
10.540000000000001,62151.68
10.56,62756.32
10.58,62753.6
10.6,62354.08
10.620000000000001,63563.68
10.64,62588.48
10.66,62345.6
10.68,62985.28
10.700000000000001,62717.28
10.72,62112.64
10.74,61290.72
10.76,62264.32
10.78,62723.68
10.8,63117.6
10.82,63075.520000000004
10.84,61763.68
10.86,63101.44
10.88,62634.4
10.9,61706.4
10.92,62461.76
10.94,61288.8
10.96,61938.4
10.98,62478.24
11.0,62747.520000000004
11.02,62468.96
11.040000000000001,62229.92
11.06,62222.56
11.08,62308.8
11.1,61842.72
11.120000000000001,61340.16
11.14,62253.28
11.16,61057.76
11.18,62451.36
11.200000000000001,62240.32
11.22,61205.92
11.24,62360.8
11.26,61200.96
11.28,60983.200000000004
11.3,62399.68
11.32,62212.96
11.34,60606.24
11.36,60586.24
11.38,62421.44
11.4,62006.72
11.42,61936.96
11.44,61703.840000000004
11.46,63218.72
11.48,61850.880000000005
11.5,61920.16
11.52,62343.840000000004
11.540000000000001,60794.56
11.56,61756.0
11.58,61007.36
11.6,61107.68
11.620000000000001,61776.96
11.64,61536.96
11.66,61714.24
11.68,61735.200000000004
11.700000000000001,61626.08
11.72,61357.12
11.74,60538.880000000005
11.76,60330.4
11.78,61695.04
11.8,60973.92
11.82,59890.24
11.84,61187.840000000004
11.86,61088.0
11.88,61036.8
11.9,61353.6
11.92,61147.200000000004
11.94,61312.64
11.96,60980.32
11.98,61469.92
12.0,61382.56
12.02,61486.72
12.040000000000001,60692.8
12.06,60620.32
12.08,59784.32
12.1,60866.56
12.120000000000001,60742.56
12.14,60800.0
12.16,61050.08
12.18,60098.24
12.200000000000001,59716.96
12.22,59291.520000000004
12.24,61267.36
12.26,60699.200000000004
12.280000000000001,60079.04
12.3,60808.64
12.32,60828.8
12.34,61488.16
12.36,60275.04
12.38,60688.16
12.4,61407.840000000004
12.42,60716.96
12.44,61001.28
12.46,60613.76
12.48,60878.24
12.5,59527.36
12.52,60682.72
12.540000000000001,61412.0
12.56,60412.64
12.58,61850.4
12.6,59778.4
12.620000000000001,59592.32
12.64,61214.56
12.66,60047.200000000004
12.68,60190.880000000005
12.700000000000001,59857.12
12.72,59059.04
12.74,59386.56
12.76,59580.96
12.780000000000001,60852.32
12.8,59921.12
12.82,60135.68
12.84,60985.12
12.86,60709.12
12.88,58826.880000000005
12.9,59613.44
12.92,59983.520000000004
12.94,60776.96
12.96,58988.48
12.98,59192.48
13.0,60421.6
13.02,59971.840000000004
13.040000000000001,59158.4
13.06,60809.6
13.08,60430.24
13.1,60291.840000000004
13.120000000000001,60097.12
13.14,60012.16
13.16,60304.16
13.18,59936.32
13.200000000000001,59355.68
13.22,58897.28
13.24,59826.24
13.26,59816.96
13.280000000000001,60269.92
13.3,60003.36
13.32,59942.24
13.34,59907.200000000004
13.36,59708.32
13.38,60039.520000000004
13.4,59048.8
13.42,59982.4
13.44,59679.200000000004
13.46,58621.92
13.48,60784.16
13.5,58053.44
13.52,59545.44
13.540000000000001,59379.200000000004
13.56,59318.56
13.58,59186.56
13.6,59022.56
13.620000000000001,59014.08
13.64,57920.0
13.66,60096.32
13.68,59043.68
13.700000000000001,59031.840000000004
13.72,59510.880000000005
13.74,59631.36
13.76,59069.92
13.780000000000001,58973.12
13.8,59553.6
13.82,59164.48
13.84,59576.8
13.86,58515.36
13.88,59558.08
13.9,59276.8
13.92,60099.04
13.94,59404.32
13.96,59663.840000000004
13.98,59429.92
14.0,59195.840000000004
14.02,59193.12
14.040000000000001,59161.92
14.06,59089.92
14.08,58056.16
14.1,59136.64
14.120000000000001,58584.96
14.14,58435.36
14.16,58961.44
14.18,58462.4
14.200000000000001,58736.32
14.22,58066.4
14.24,60022.56
14.26,59169.6
14.280000000000001,57719.840000000004
14.3,58265.44
14.32,58803.200000000004
14.34,58917.6
14.36,58172.64
14.38,57628.48
14.4,58575.200000000004
14.42,58832.64
14.44,58015.04
14.46,58981.28
14.48,58997.92
14.5,59339.840000000004
14.52,58196.16
14.540000000000001,58346.24
14.56,57526.56
14.58,58449.76
14.6,59577.76
14.620000000000001,59462.880000000005
14.64,58477.28
14.66,58878.56
14.68,57485.28
14.700000000000001,58824.96
14.72,56142.72
14.74,58840.8
14.76,58912.32
14.780000000000001,59360.48
14.8,58443.68
14.82,58363.36
14.84,59102.72
14.86,57517.12
14.88,58732.32
14.9,57630.72
14.92,57893.44
14.94,58186.08
14.96,58115.04
14.98,57724.32
15.0,58842.880000000005
15.02,57680.0
15.040000000000001,57464.96
15.06,57964.64
15.08,58396.32
15.1,57629.28
15.120000000000001,57228.16
15.14,59243.68
15.16,58442.24
15.18,57970.56
15.200000000000001,58692.16
15.22,58022.24
15.24,57192.8
15.26,57937.76
15.280000000000001,57884.64
15.3,58090.24
15.32,57996.96
15.34,58324.16
15.36,57357.12
15.38,57239.840000000004
15.4,57284.32
15.42,57654.72
15.44,58496.0
15.46,56917.28
15.48,58146.08
15.5,57748.96
15.52,57554.24
15.540000000000001,57832.0
15.56,57945.44
15.58,58069.28
15.6,57585.6
15.620000000000001,57759.200000000004
15.64,58027.840000000004
15.66,57398.08
15.68,57876.0
15.700000000000001,57668.16
15.72,57759.68
15.74,56916.32
15.76,58234.72
15.780000000000001,57413.12
15.8,57776.16
15.82,57851.200000000004
15.84,56554.4
15.860000000000001,57419.36
15.88,56944.48
15.9,56754.56
15.92,57626.24
15.94,56439.840000000004
15.96,58286.880000000005
15.98,57333.44
16.0,56774.56
16.02,57281.76
16.04,58744.96
16.06,57712.32
16.080000000000002,57318.08
16.1,56890.56
16.12,56896.16
16.14,57559.200000000004
16.16,56790.08
16.18,57334.4
16.2,57484.64
16.22,57000.48
16.240000000000002,57007.840000000004
16.26,57049.44
16.28,57804.48
16.3,56614.08
16.32,56389.92
16.34,57049.44
16.36,57688.96
16.38,56779.68
16.4,57833.76
16.42,57094.24
16.44,55705.76
16.46,57206.4
16.48,56710.880000000005
16.5,56573.44
16.52,58047.36
16.54,56132.96
16.56,56667.520000000004
16.580000000000002,56846.56
16.6,57490.72
16.62,56621.28
16.64,56482.08
16.66,57161.6
16.68,56080.16
16.7,56507.200000000004
16.72,56958.72
16.740000000000002,56798.4
16.76,57067.520000000004
16.78,55734.08
16.8,56355.840000000004
16.82,56451.840000000004
16.84,56413.12
16.86,56693.92
16.88,57141.92
16.9,56290.56
16.92,56853.44
16.94,57571.36
16.96,56949.44
16.98,56731.36
17.0,56641.12
17.02,56919.36
17.04,56447.520000000004
17.06,56270.56
17.080000000000002,58393.12
17.1,56935.36
17.12,57454.56
17.14,56360.64
17.16,56984.0
17.18,56532.0
17.2,56088.8
17.22,57047.04
17.240000000000002,57388.64
17.26,55931.840000000004
17.28,57267.04
17.3,55809.92
17.32,56551.200000000004
17.34,55994.72
17.36,56373.76
17.38,56367.520000000004
17.400000000000002,56877.76
17.42,55411.36
17.44,55939.200000000004
17.46,55210.72
17.48,55929.6
17.5,56711.520000000004
17.52,56207.520000000004
17.54,56723.520000000004
17.56,55816.48
17.580000000000002,57101.6
17.6,56872.96
17.62,56765.6
17.64,55952.48
17.66,55633.44
17.68,56079.520000000004
17.7,55683.04
17.72,55715.04
17.740000000000002,56233.28
17.76,56910.56
17.78,56377.92
17.8,56599.68
17.82,56435.04
17.84,56342.24
17.86,56414.24
17.88,56244.8
17.900000000000002,56218.880000000005
17.92,57184.0
17.94,56066.08
17.96,55445.28
17.98,57041.92
18.0,56229.28
18.02,55903.04
18.04,56707.200000000004
18.06,56285.28
18.080000000000002,55646.880000000005
18.1,56288.96
18.12,56566.56
18.14,56695.04
18.16,55935.36
18.18,55533.6
18.2,55988.0
18.22,55436.96
18.240000000000002,55351.04
18.26,55855.36
18.28,56560.96
18.3,55555.36
18.32,56085.44
18.34,56000.32
18.36,55445.92
18.38,56181.44
18.400000000000002,57037.12
18.42,55885.28
18.44,54705.28
18.46,56152.32
18.48,55767.04
18.5,55794.56
18.52,54951.200000000004
18.54,55982.08
18.56,55304.48
18.580000000000002,55306.24
18.6,55240.0
18.62,56861.12
18.64,55156.8
18.66,55969.76
18.68,55999.68
18.7,54840.16
18.72,56103.520000000004
18.740000000000002,56358.08
18.76,56356.96
18.78,55673.12
18.8,55708.8
18.82,55276.48
18.84,54936.64
18.86,56193.28
18.88,55018.880000000005
18.900000000000002,56338.72
18.92,55068.48
18.94,54617.76
18.96,56287.04
18.98,55303.200000000004
19.0,55807.200000000004
19.02,55058.24
19.04,54984.32
19.06,56018.24
19.080000000000002,54691.36
19.1,54934.24
19.12,55238.56
19.14,54753.6
19.16,55572.16
19.18,56189.12
19.2,54146.72
19.22,55290.72
19.240000000000002,54433.28
19.26,57141.12
19.28,56052.0
19.3,55474.880000000005
19.32,55536.96
19.34,55955.36
19.36,55573.6
19.38,54804.0
19.400000000000002,56247.68
19.42,55085.28
19.44,55440.8
19.46,55754.880000000005
19.48,56267.04
19.5,56374.72
19.52,54252.0
19.54,55195.04
19.56,54673.76
19.580000000000002,53600.48
19.6,54699.68
19.62,54903.68
19.64,54749.28
19.66,54267.200000000004
19.68,55291.04
19.7,55768.48
19.72,54951.200000000004
19.740000000000002,55280.16
19.76,55440.8
19.78,55065.12
19.8,55157.44
19.82,54853.76
19.84,54232.48
19.86,54937.76
19.88,54746.72
19.900000000000002,55076.0
19.92,55941.28
19.94,55797.12
19.96,54380.0
19.98,56047.520000000004
20.0,54465.76
20.02,54987.520000000004
20.04,56445.44
20.06,55571.04
20.080000000000002,55441.6
20.1,54957.76
20.12,54801.28
20.14,54925.28
20.16,54896.8
20.18,55173.44
20.2,56046.4
20.22,54188.64
20.240000000000002,54978.72
20.26,53660.48
20.28,55311.04
20.3,54721.44
20.32,54933.44
20.34,55651.200000000004
20.36,54169.44
20.38,54540.48
20.400000000000002,54332.64
20.42,54182.72
20.44,54416.8
20.46,55540.96
20.48,54222.08
20.5,54600.32
20.52,55152.0
20.54,54739.36
20.56,54964.0
20.580000000000002,54940.48
20.6,55053.12
20.62,54111.840000000004
20.64,54518.56
20.66,54223.840000000004
20.68,54674.08
20.7,54667.840000000004
20.72,55271.200000000004
20.740000000000002,54488.32
20.76,53917.92
20.78,55368.48
20.8,54570.08
20.82,54064.32
20.84,54667.68
20.86,54786.72
20.88,55143.68
20.900000000000002,54977.12
20.92,55072.8
20.94,55300.8
20.96,55200.8
20.98,53667.68
21.0,54767.520000000004
21.02,54467.200000000004
21.04,54231.36
21.06,55443.68
21.080000000000002,53960.0
21.1,53776.8
21.12,53791.04
21.14,54258.880000000005
21.16,56287.68
21.18,54888.64
21.2,54700.16
21.22,54564.64
21.240000000000002,54065.92
21.26,54124.48
21.28,55388.32
21.3,54642.56
21.32,53542.4
21.34,54510.56
21.36,54351.840000000004
21.38,55176.48
21.400000000000002,54803.04
21.42,54675.840000000004
21.44,54294.880000000005
21.46,54887.520000000004
21.48,55014.880000000005
21.5,53888.16
21.52,54219.840000000004
21.54,54092.8
21.56,54152.32
21.580000000000002,54919.04
21.6,54736.64
21.62,54512.48
21.64,53764.0
21.66,54843.36
21.68,53364.8
21.7,54680.48
21.72,53994.56
21.740000000000002,54713.44
21.76,53661.28
21.78,53945.6
21.8,54569.28
21.82,53528.96
21.84,53737.44
21.86,54012.64
21.88,55035.68
21.900000000000002,54112.48
21.92,53675.200000000004
21.94,53560.16
21.96,54492.64
21.98,54752.32
22.0,54439.04
22.02,54297.6
22.04,54370.72
22.06,55408.8
22.080000000000002,54403.68
22.1,54311.36
22.12,54697.6
22.14,54745.6
22.16,54444.48
22.18,54090.880000000005
22.2,54010.880000000005
22.22,54623.840000000004
22.240000000000002,54707.04
22.26,54548.64
22.28,53644.8
22.3,53479.840000000004
22.32,53602.24
22.34,54208.16
22.36,54399.840000000004
22.38,55434.08
22.400000000000002,54096.96
22.42,54464.8
22.44,54864.64
22.46,54708.16
22.48,54148.16
22.5,55123.520000000004
22.52,53727.520000000004
22.54,54238.56
22.56,54703.520000000004
22.580000000000002,53911.04
22.6,54320.8
22.62,54527.200000000004
22.64,54441.92
22.66,54855.520000000004
22.68,55576.32
22.7,54555.840000000004
22.72,54119.36
22.740000000000002,54907.68
22.76,53990.4
22.78,54410.880000000005
22.8,54184.96
22.82,54139.68
22.84,53584.64
22.86,54244.0
22.88,54304.48
22.900000000000002,52796.16
22.92,54580.96
22.94,52753.28
22.96,53966.72
22.98,54590.4
23.0,54293.12
23.02,54297.76
23.04,53290.72
23.06,53966.72
23.080000000000002,53183.520000000004
23.1,54224.96
23.12,54193.76
23.14,54799.200000000004
23.16,53058.56
23.18,53442.56
23.2,54055.840000000004
23.22,54238.24
23.240000000000002,54202.72
23.26,54275.36
23.28,54177.12
23.3,53943.520000000004
23.32,53824.0
23.34,54336.16
23.36,53777.92
23.38,53300.32
23.400000000000002,53667.36
23.42,52933.92
23.44,54133.92
23.46,53438.24
23.48,53879.520000000004
23.5,54105.44
23.52,54040.64
23.54,54054.24
23.56,54433.76
23.580000000000002,53747.520000000004
23.6,53485.76
23.62,54325.92
23.64,53272.0
23.66,53957.76
23.68,53950.24
23.7,54832.48
23.72,54302.24
23.740000000000002,53935.200000000004
23.76,53875.200000000004
23.78,54958.4
23.8,53553.44
23.82,53361.76
23.84,52714.24
23.86,54116.0
23.88,54027.840000000004
23.900000000000002,53474.72
23.92,52841.92
23.94,53328.8
23.96,53612.96
23.98,54309.44
24.0,54165.6
24.02,53533.6
24.04,53945.12
24.060000000000002,54419.68
24.080000000000002,53803.840000000004
24.1,53528.96
24.12,54377.92
24.14,53032.64
24.16,53607.36
24.18,54187.68
24.2,53418.4
24.22,54129.76
24.240000000000002,53937.12
24.26,53971.840000000004
24.28,55109.92
24.3,54483.200000000004
24.32,53308.0
24.34,54211.200000000004
24.36,53677.28
24.38,53456.48
24.400000000000002,54014.24
24.42,53437.6
24.44,52892.0
24.46,54389.6
24.48,53165.44
24.5,53229.28
24.52,54379.520000000004
24.54,53927.68
24.560000000000002,53841.12
24.580000000000002,53448.0
24.6,53174.4
24.62,54055.520000000004
24.64,53332.8
24.66,53303.04
24.68,54192.96
24.7,53120.32
24.72,53925.6
24.740000000000002,54165.28
24.76,54080.8
24.78,54091.840000000004
24.8,53382.880000000005
24.82,55332.96
24.84,53234.72
24.86,53350.56
24.88,54461.76
24.900000000000002,53679.200000000004
24.92,53921.12
24.94,52794.72
24.96,54308.48
24.98,54348.64
25.0,53355.200000000004
25.02,53366.4
25.04,53462.4
25.060000000000002,53989.12
25.080000000000002,54377.44
25.1,53734.56
25.12,53767.04
25.14,54107.04
25.16,54126.08
25.18,53182.4
25.2,53841.76
25.22,53925.6
25.240000000000002,53423.68
25.26,53204.48
25.28,54003.04
25.3,53227.520000000004
25.32,52880.96
25.34,52772.64
25.36,53652.16
25.38,52067.520000000004
25.400000000000002,53299.36
25.42,53486.4
25.44,54391.520000000004
25.46,54071.200000000004
25.48,53737.6
25.5,54383.04
25.52,53605.28
25.54,53296.8
25.560000000000002,53357.6
25.580000000000002,53528.0
25.6,54826.880000000005
25.62,53752.0
25.64,53617.76
25.66,54235.04
25.68,53649.6
25.7,53403.04
25.72,53204.96
25.740000000000002,53788.0
25.76,54585.76
25.78,53876.48
25.8,53263.04
25.82,54344.48
25.84,54262.4
25.86,54380.96
25.88,52326.56
25.900000000000002,53676.32
25.92,53281.28
25.94,53264.48
25.96,53498.72
25.98,53830.56
26.0,53718.72
26.02,53098.56
26.04,53886.72
26.060000000000002,55135.520000000004
26.080000000000002,53770.4
26.1,53731.200000000004
26.12,53003.04
26.14,54041.12
26.16,54136.48
26.18,53797.6
26.2,53940.8
26.22,53564.8
26.240000000000002,53476.0
26.26,53356.48
26.28,53632.64
26.3,53049.44
26.32,54120.32
26.34,53207.68
26.36,52807.04
26.38,53708.64
26.400000000000002,52622.08
26.42,53982.4
26.44,53807.200000000004
26.46,54302.24
26.48,53265.28
26.5,53177.44
26.52,53853.76
26.54,53208.96
26.560000000000002,53429.6
26.580000000000002,54673.92
26.6,52815.840000000004
26.62,53819.840000000004
26.64,53361.28
26.66,53352.96
26.68,53822.880000000005
26.7,53977.28
26.72,53501.76
26.740000000000002,53375.04
26.76,53873.28
26.78,53088.96
26.8,54415.04
26.82,53261.12
26.84,53259.840000000004
26.86,53329.44
26.88,53888.0
26.900000000000002,53859.520000000004
26.92,54328.96
26.94,54517.76
26.96,54533.76
26.98,54567.200000000004
27.0,53909.92
27.02,54336.16
27.04,53625.76
27.060000000000002,53283.04
27.080000000000002,53750.24
27.1,53395.36
27.12,52437.76
27.14,53880.8
27.16,53521.12
27.18,53838.72
27.2,52990.4
27.22,54212.0
27.240000000000002,53494.24
27.26,53495.840000000004
27.28,53365.6
27.3,55032.48
27.32,53160.8
27.34,53074.880000000005
27.36,53805.44
27.38,54121.44
27.400000000000002,54065.76
27.42,53945.6
27.44,53460.0
27.46,54883.200000000004
27.48,53954.880000000005
27.5,53956.64
27.52,53309.76
27.54,53432.0
27.560000000000002,53480.96
27.580000000000002,53952.64
27.6,53612.16
27.62,54993.6
27.64,52750.24
27.66,53791.840000000004
27.68,54267.840000000004
27.7,54314.72
27.72,53760.48
27.740000000000002,54240.16
27.76,52948.32
27.78,52639.840000000004
27.8,52910.880000000005
27.82,53461.44
27.84,53890.56
27.86,53872.32
27.88,54140.48
27.900000000000002,53518.880000000005
27.92,52844.16
27.94,53653.12
27.96,52912.0
27.98,54569.12
28.0,54329.12
28.02,55508.48
28.04,53727.520000000004
28.060000000000002,53534.24
28.080000000000002,53849.76
28.1,52814.56
28.12,53149.92
28.14,53201.28
28.16,53545.12
28.18,54135.68
28.2,53559.36
28.22,54921.12
28.240000000000002,53635.68
28.26,52358.24
28.28,54004.16
28.3,54297.6
28.32,54476.96
28.34,54357.12
28.36,53683.36
28.38,54392.96
28.400000000000002,53847.200000000004
28.42,53183.840000000004
28.44,54217.76
28.46,54179.36
28.48,54011.04
28.5,54452.48
28.52,53857.76
28.54,53377.44
28.560000000000002,53589.6
28.580000000000002,55026.56
28.6,55196.96
28.62,52767.520000000004
28.64,53791.520000000004
28.66,53642.4
28.68,53417.28
28.7,53346.880000000005
28.72,54083.36
28.740000000000002,54044.16
28.76,54412.8
28.78,54548.32
28.8,54503.68
28.82,54039.68
28.84,54624.48
28.86,53450.08
28.88,53472.48
28.900000000000002,54206.24
28.92,54688.16
28.94,54089.44
28.96,53942.880000000005
28.98,54082.56
29.0,53795.68
29.02,53616.0
29.04,54777.44
29.060000000000002,54732.32
29.080000000000002,54439.36
29.1,54711.520000000004
29.12,54224.32
29.14,53663.840000000004
29.16,53871.68
29.18,53754.24
29.2,54198.08
29.22,53625.28
29.240000000000002,54758.24
29.26,53708.96
29.28,54420.16
29.3,54878.72
29.32,54182.56
29.34,54415.520000000004
29.36,53962.08
29.38,54020.8
29.400000000000002,53558.24
29.42,54182.24
29.44,54669.92
29.46,53840.8
29.48,54751.840000000004
29.5,54127.68
29.52,54539.840000000004
29.54,53922.72
29.560000000000002,53355.04
29.580000000000002,54439.68
29.6,54245.12
29.62,54644.48
29.64,53798.880000000005
29.66,54043.04
29.68,54858.24
29.7,54691.36
29.72,54478.880000000005
29.740000000000002,54683.200000000004
29.76,53714.4
29.78,54266.56
29.8,53334.4
29.82,54588.32
29.84,54067.68
29.86,54131.520000000004
29.88,54137.76
29.900000000000002,54822.24
29.92,55132.32
29.94,54714.08
29.96,54709.28
29.98,53906.880000000005
30.0,54797.6
30.02,54665.76
30.04,54301.28
30.060000000000002,54863.520000000004
30.080000000000002,53896.64
30.1,54532.64
30.12,53772.32
30.14,53730.08
30.16,54743.520000000004
30.18,53670.08
30.2,54120.0
30.22,54100.64
30.240000000000002,54088.48
30.26,53808.16
30.28,53735.68
30.3,54627.04
30.32,53882.880000000005
30.34,53472.0
30.36,54934.880000000005
30.38,54989.44
30.400000000000002,54564.8
30.42,54042.4
30.44,54328.16
30.46,54220.64
30.48,54485.6
30.5,54603.04
30.52,54796.48
30.54,53998.4
30.560000000000002,55116.64
30.580000000000002,54093.92
30.6,54184.96
30.62,54948.64
30.64,54535.200000000004
30.66,53540.96
30.68,54376.96
30.7,55415.840000000004
30.72,53594.56
30.740000000000002,54071.68
30.76,54794.880000000005
30.78,54132.32
30.8,54575.36
30.82,55082.880000000005
30.84,54379.04
30.86,54413.92
30.88,55589.44
30.900000000000002,54613.44
30.92,54583.04
30.94,54943.04
30.96,55168.64
30.98,54843.840000000004
31.0,53766.880000000005
31.02,54346.08
31.04,54511.36
31.060000000000002,55027.200000000004
31.080000000000002,53650.880000000005
31.1,54180.0
31.12,54726.880000000005
31.14,53762.56
31.16,54392.64
31.18,54600.8
31.2,53968.16
31.220000000000002,53844.32
31.240000000000002,54332.16
31.26,54422.08
31.28,55064.96
31.3,55315.36
31.32,54609.44
31.34,55396.48
31.36,54015.840000000004
31.38,54822.56
31.400000000000002,54711.200000000004
31.42,54866.08
31.44,54524.16
31.46,55820.48
31.48,55237.28
31.5,54377.28
31.52,53978.24
31.54,55743.36
31.560000000000002,54693.44
31.580000000000002,56079.36
31.6,55361.6
31.62,54398.880000000005
31.64,54922.24
31.66,54907.840000000004
31.68,54764.0
31.7,54805.76
31.720000000000002,55145.76
31.740000000000002,54688.64
31.76,54749.92
31.78,54462.24
31.8,54677.6
31.82,54968.64
31.84,55077.28
31.86,55661.76
31.88,55350.72
31.900000000000002,54585.28
31.92,55220.16
31.94,55564.32
31.96,55948.0
31.98,54442.24
32.0,54998.4
32.02,56126.72
32.04,54896.96
32.06,54995.68
32.08,54609.6
32.1,55259.840000000004
32.12,54895.520000000004
32.14,54858.56
32.160000000000004,54651.520000000004
32.18,55736.48
32.2,54658.880000000005
32.22,55847.200000000004
32.24,54970.08
32.26,54498.56
32.28,54416.8
32.3,55209.44
32.32,55073.12
32.34,55247.840000000004
32.36,56025.76
32.38,55241.44
32.4,55176.32
32.42,53932.64
32.44,55762.08
32.46,54870.880000000005
32.480000000000004,55870.08
32.5,54108.64
32.52,54445.76
32.54,55452.96
32.56,55292.8
32.58,54504.0
32.6,55468.64
32.62,55138.72
32.64,54314.880000000005
32.660000000000004,55453.76
32.68,55800.16
32.7,55187.520000000004
32.72,54049.6
32.74,55172.0
32.76,54894.24
32.78,55326.24
32.8,54866.24
32.82,56322.880000000005
32.84,55086.24
32.86,55042.72
32.88,55532.32
32.9,54864.48
32.92,54832.0
32.94,56201.28
32.96,55174.4
32.980000000000004,55176.32
33.0,55109.6
33.02,54811.36
33.04,55723.520000000004
33.06,55307.520000000004
33.08,55060.96
33.1,55007.520000000004
33.12,56080.0
33.14,55390.56
33.160000000000004,55032.0
33.18,54698.4
33.2,54363.04
33.22,54528.32
33.24,56237.76
33.26,55809.76
33.28,56107.200000000004
33.3,54709.28
33.32,55059.840000000004
33.34,55862.24
33.36,55347.68
33.38,55538.24
33.4,55304.96
33.42,55385.92
33.44,56524.96
33.46,55314.880000000005
33.480000000000004,54774.24
33.5,55042.08
33.52,55686.72
33.54,55390.56
33.56,55323.840000000004
33.58,55302.56
33.6,55525.44
33.62,56612.64
33.64,54934.24
33.660000000000004,56135.840000000004
33.68,56600.48
33.7,56119.200000000004
33.72,55414.72
33.74,55105.12
33.76,54951.04
33.78,55224.32
33.8,55215.36
33.82,55254.880000000005
33.84,55335.200000000004
33.86,55099.04
33.88,55419.840000000004
33.9,54647.520000000004
33.92,55485.92
33.94,56422.4
33.96,55339.04
33.980000000000004,56561.76
34.0,55597.76
34.02,54886.56
34.04,55988.96
34.06,55281.6
34.08,55954.08
34.1,54850.08
34.12,55152.8
34.14,55489.6
34.160000000000004,55723.68
34.18,55467.36
34.2,55812.96
34.22,55768.0
34.24,55320.96
34.26,56075.520000000004
34.28,55889.92
34.300000000000004,55559.68
34.32,56043.68
34.34,56618.56
34.36,54499.36
34.38,55740.16
34.4,56469.76
34.42,55767.840000000004
34.44,55962.08
34.46,55369.44
34.480000000000004,55756.8
34.5,56060.16
34.52,56371.200000000004
34.54,56359.520000000004
34.56,55942.4
34.58,55456.32
34.6,56504.48
34.62,55666.08
34.64,55472.32
34.660000000000004,55597.44
34.68,56029.44
34.7,56823.36
34.72,57172.8
34.74,56072.16
34.76,55264.16
34.78,55568.64
34.800000000000004,55626.56
34.82,55047.840000000004
34.84,57455.840000000004
34.86,56232.64
34.88,56600.32
34.9,56592.64
34.92,55705.12
34.94,56009.12
34.96,56467.520000000004
34.980000000000004,56522.72
35.0,56396.64
35.02,55681.28
35.04,56539.840000000004
35.06,55715.04
35.08,56122.880000000005
35.1,56561.12
35.12,56944.0
35.14,56180.96
35.160000000000004,56816.16
35.18,56443.840000000004
35.2,56004.0
35.22,56450.72
35.24,56117.6
35.26,56012.8
35.28,56747.840000000004
35.300000000000004,57296.48
35.32,56278.24
35.34,56551.840000000004
35.36,57317.6
35.38,56572.96
35.4,56068.64
35.42,55780.16
35.44,56547.840000000004
35.46,56462.880000000005
35.480000000000004,56569.12
35.5,56672.96
35.52,55412.8
35.54,57127.68
35.56,57421.44
35.58,55546.880000000005
35.6,55885.6
35.62,56052.16
35.64,56194.56
35.660000000000004,56391.68
35.68,55929.28
35.7,56155.04
35.72,56701.12
35.74,56848.96
35.76,56984.96
35.78,57281.6
35.800000000000004,56538.56
35.82,56730.08
35.84,56713.12
35.86,56130.24
35.88,56673.28
35.9,56738.56
35.92,56896.48
35.94,56089.28
35.96,56697.76
35.980000000000004,56525.28
36.0,57036.8
36.02,56883.200000000004
36.04,56643.840000000004
36.06,57286.24
36.08,56372.8
36.1,55863.200000000004
36.12,57002.56
36.14,56501.76
36.160000000000004,56853.76
36.18,57671.68
36.2,57334.72
36.22,56633.6
36.24,56842.72
36.26,56432.48
36.28,56979.04
36.300000000000004,57240.32
36.32,56409.28
36.34,56363.200000000004
36.36,57525.6
36.38,55419.200000000004
36.4,57568.64
36.42,56438.24
36.44,58234.56
36.46,58198.880000000005
36.480000000000004,57298.24
36.5,57085.12
36.52,57824.0
36.54,57291.68
36.56,57584.96
36.58,56638.880000000005
36.6,57216.0
36.62,57700.48
36.64,57349.44
36.660000000000004,57411.840000000004
36.68,56543.36
36.7,56396.16
36.72,57086.56
36.74,56444.0
36.76,57295.200000000004
36.78,57669.12
36.800000000000004,57441.92
36.82,57178.56
36.84,57859.36
36.86,57748.48
36.88,57306.880000000005
36.9,58068.16
36.92,57379.36
36.94,56731.200000000004
36.96,57935.68
36.980000000000004,58254.24
37.0,57106.4
37.02,56849.12
37.04,57336.16
37.06,57805.28
37.08,58392.16
37.1,58053.28
37.12,57277.12
37.14,57365.76
37.160000000000004,57200.64
37.18,57428.16
37.2,57995.04
37.22,57808.0
37.24,57312.48
37.26,57587.36
37.28,57008.16
37.300000000000004,57989.28
37.32,57751.04
37.34,57206.72
37.36,57559.520000000004
37.38,57880.96
37.4,57562.880000000005
37.42,55875.68
37.44,57934.72
37.46,57432.48
37.480000000000004,58037.92
37.5,58369.6
37.52,57104.8
37.54,58414.4
37.56,58185.6
37.58,58410.72
37.6,58179.200000000004
37.62,57751.520000000004
37.64,58193.28
37.660000000000004,57156.96
37.68,57593.12
37.7,57538.880000000005
37.72,58140.16
37.74,58028.64
37.76,58702.56
37.78,58194.4
37.800000000000004,58011.68
37.82,58197.44
37.84,58556.32
37.86,58973.44
37.88,57874.72
37.9,58479.520000000004
37.92,57030.72
37.94,59284.64
37.96,58479.04
37.980000000000004,56931.36
38.0,58349.92
38.02,58432.48
38.04,59774.56
38.06,57734.880000000005
38.08,57236.96
38.1,57501.28
38.12,57216.64
38.14,58929.12
38.160000000000004,57914.4
38.18,58059.36
38.2,59197.44
38.22,58952.32
38.24,58188.16
38.26,57989.12
38.28,57725.92
38.300000000000004,58841.92
38.32,58514.08
38.34,59385.6
38.36,58611.68
38.38,58663.04
38.4,58075.68
38.42,58497.44
38.44,58845.44
38.46,58641.12
38.480000000000004,57993.44
38.5,58269.92
38.52,57521.44
38.54,59144.16
38.56,58830.56
38.58,57779.36
38.6,58105.92
38.62,58147.200000000004
38.64,58303.520000000004
38.660000000000004,58187.36
38.68,57955.68
38.7,59007.36
38.72,58680.16
38.74,59462.880000000005
38.76,58968.64
38.78,58324.96
38.800000000000004,58274.56
38.82,59299.840000000004
38.84,60112.8
38.86,59020.32
38.88,59543.04
38.9,58476.48
38.92,59217.12
38.94,60057.12
38.96,58649.12
38.980000000000004,58271.520000000004
39.0,58383.04
39.02,58446.880000000005
39.04,59314.72
39.06,59782.4
39.08,59025.12
39.1,59744.32
39.12,58825.76
39.14,59221.92
39.160000000000004,58856.16
39.18,59796.32
39.2,59073.92
39.22,59106.4
39.24,59108.48
39.26,59332.0
39.28,59691.68
39.300000000000004,59498.880000000005
39.32,58489.12
39.34,59852.96
39.36,58896.32
39.38,60068.32
39.4,59462.56
39.42,60133.44
39.44,59236.96
39.46,59498.4
39.480000000000004,59305.28
39.5,58675.840000000004
39.52,58817.92
39.54,59783.520000000004
39.56,59106.4
39.58,60416.16
39.6,59294.08
39.62,59101.76
39.64,60170.08
39.660000000000004,59324.8
39.68,59712.64
39.7,59973.28
39.72,59798.24
39.74,60055.200000000004
39.76,59452.16
39.78,59423.840000000004
39.800000000000004,59619.68
39.82,60337.44
39.84,59641.12
39.86,58939.520000000004
39.88,59255.36
39.9,59955.68
39.92,60702.24
39.94,60192.32
39.96,60202.56
39.980000000000004,59458.08
40.0,59647.200000000004
40.02,59554.08
40.04,59716.48
40.06,60255.840000000004
40.08,60769.92
40.1,59825.6
40.12,59064.64
40.14,60365.76
40.160000000000004,59998.4
40.18,59833.28
40.2,60150.08
40.22,60884.48
40.24,60101.6
40.26,60937.76
40.28,59952.64
40.300000000000004,61067.520000000004
40.32,60421.76
40.34,60380.48
40.36,59857.6
40.38,60417.12
40.4,59879.520000000004
40.42,59632.96
40.44,59976.96
40.46,59306.880000000005
40.480000000000004,60585.92
40.5,60034.72
40.52,59692.8
40.54,59968.32
40.56,59751.36
40.58,60331.200000000004
40.6,59623.200000000004
40.62,60156.64
40.64,60150.24
40.660000000000004,60700.64
40.68,61228.96
40.7,60368.48
40.72,60049.44
40.74,60061.12
40.76,61207.36
40.78,60803.200000000004
40.800000000000004,60750.08
40.82,61107.520000000004
40.84,60728.32
40.86,60756.48
40.88,60731.36
40.9,60045.92
40.92,61407.520000000004
40.94,60431.520000000004
40.96,60821.44
40.980000000000004,61599.04
41.0,60560.0
41.02,60610.08
41.04,60015.36
41.06,61388.16
41.08,60377.12
41.1,60993.92
41.12,60165.12
41.14,61568.64
41.160000000000004,61488.8
41.18,61128.16
41.2,60922.08
41.22,61378.56
41.24,61260.0
41.26,61464.16
41.28,61387.36
41.300000000000004,60660.0
41.32,61103.68
41.34,60911.520000000004
41.36,61228.64
41.38,60257.28
41.4,61278.880000000005
41.42,61470.4
41.44,60732.64
41.46,61143.520000000004
41.480000000000004,61759.68
41.5,61402.72
41.52,62172.96
41.54,61738.72
41.56,61617.76
41.58,60893.6
41.6,62138.4
41.62,62513.28
41.64,62252.32
41.660000000000004,61507.840000000004
41.68,61196.96
41.7,62212.0
41.72,61977.92
41.74,61817.6
41.76,61513.76
41.78,61772.0
41.800000000000004,61600.32
41.82,62074.24
41.84,61558.4
41.86,62127.04
41.88,61625.44
41.9,60810.08
41.92,61577.6
41.94,60723.840000000004
41.96,61518.72
41.980000000000004,62097.44
42.0,61367.200000000004
42.02,61750.72
42.04,61112.48
42.06,62323.68
42.08,61174.880000000005
42.1,62523.04
42.12,62570.56
42.14,61611.200000000004
42.160000000000004,62740.64
42.18,61275.36
42.2,63508.48
42.22,62260.64
42.24,62142.56
42.26,62415.04
42.28,61777.92
42.300000000000004,62367.68
42.32,61901.6
42.34,62842.880000000005
42.36,62809.12
42.38,62141.44
42.4,63132.8
42.42,61871.36
42.44,61591.04
42.46,62065.28
42.480000000000004,61471.840000000004
42.5,63888.96
42.52,61653.76
42.54,62150.56
42.56,62108.16
42.58,63642.880000000005
42.6,62467.200000000004
42.62,62121.44
42.64,62871.68
42.660000000000004,62167.04
42.68,63052.64
42.7,62820.64
42.72,63155.200000000004
42.74,62987.840000000004
42.76,61954.4
42.78,62441.92
42.800000000000004,62532.96
42.82,62740.32
42.84,62217.28
42.86,62526.56
42.88,62607.840000000004
42.9,62962.880000000005
42.92,62556.48
42.94,62858.4
42.96,63349.12
42.980000000000004,62713.28
43.0,63566.08
43.02,62915.36
43.04,62653.28
43.06,63896.16
43.08,62713.44
43.1,62640.0
43.12,63133.92
43.14,63168.0
43.160000000000004,63412.16
43.18,62836.0
43.2,63409.28
43.22,63591.840000000004
43.24,64411.840000000004
43.26,64365.12
43.28,62279.36
43.300000000000004,63357.76
43.32,63659.36
43.34,63288.32
43.36,64618.4
43.38,62848.32
43.4,63350.72
43.42,63215.520000000004
43.44,62643.200000000004
43.46,63261.44
43.480000000000004,64118.560000000005
43.5,64503.68
43.52,63438.24
43.54,63307.68
43.56,63939.68
43.58,64574.880000000005
43.6,63274.4
43.62,64144.0
43.64,63965.28
43.660000000000004,64284.32
43.68,63662.72
43.7,63533.76
43.72,62983.840000000004
43.74,63457.6
43.76,64721.12
43.78,63574.24
43.800000000000004,64517.76
43.82,63383.04
43.84,64778.24
43.86,64174.72
43.88,63568.96
43.9,64080.64
43.92,64298.08
43.94,64680.48
43.96,64249.76
43.980000000000004,63735.04
44.0,65055.840000000004
44.02,64159.36
44.04,64172.32
44.06,63312.48
44.08,64430.24
44.1,64395.200000000004
44.12,64027.04
44.14,64595.36
44.160000000000004,63927.200000000004
44.18,64475.04
44.2,63779.520000000004
44.22,64882.72
44.24,64597.6
44.26,65873.92
44.28,64597.12
44.300000000000004,64854.08
44.32,65109.44
44.34,63074.24
44.36,64267.68
44.38,63945.92
44.4,64117.28
44.42,64468.8
44.44,63923.520000000004
44.46,64552.64
44.480000000000004,64402.4
44.5,65096.64
44.52,64720.8
44.54,63907.36
44.56,64676.8
44.58,65484.96
44.6,65679.68000000001
44.62,65175.04
44.64,64421.92
44.660000000000004,64943.68
44.68,64808.0
44.7,64681.28
44.72,64669.76
44.74,66082.56
44.76,65286.08
44.78,65491.36
44.800000000000004,65216.48
44.82,64492.8
44.84,65422.72
44.86,65234.560000000005
44.88,64941.44
44.9,64065.12
44.92,65585.6
44.94,65025.92
44.96,66511.52
44.980000000000004,64866.72
45.0,65212.64
45.02,65449.12
45.04,64021.92
45.06,64860.32
45.08,65240.16
45.1,65328.16
45.12,65654.56
45.14,65212.32
45.160000000000004,65240.0
45.18,65123.36
45.2,65683.04000000001
45.22,66087.52
45.24,67013.28
45.26,65661.92
45.28,65177.6
45.300000000000004,65790.24
45.32,64677.6
45.34,65337.76
45.36,65645.28
45.38,65685.92
45.4,66097.12
45.42,66107.68000000001
45.44,66546.88
45.46,66844.16
45.480000000000004,65550.72
45.5,65728.16
45.52,66108.8
45.54,65444.0
45.56,65954.24
45.58,65133.6
45.6,65799.36
45.62,67122.4
45.64,65670.4
45.660000000000004,66814.24
45.68,66525.76
45.7,65938.08
45.72,66454.4
45.74,66885.76
45.76,65836.96
45.78,65865.6
45.800000000000004,66577.76
45.82,66523.2
45.84,66155.68000000001
45.86,67864.96
45.88,65919.52
45.9,66701.28
45.92,65980.96
45.94,66290.88
45.96,67446.4
45.980000000000004,66256.32
46.0,66195.84
46.02,66443.04000000001
46.04,65788.64
46.06,66824.0
46.08,67585.12
46.1,66634.56
46.12,66995.36
46.14,66126.88
46.160000000000004,66193.28
46.18,67414.08
46.2,66232.32
46.22,66506.24
46.24,67546.72
46.26,66509.92
46.28,67364.16
46.300000000000004,67243.04000000001
46.32,67986.56
46.34,67100.48
46.36,67068.8
46.38,66823.84
46.4,66748.8
46.42,67421.12
46.44,67568.32
46.46,67043.68000000001
46.480000000000004,67293.28
46.5,67262.72
46.52,67874.08
46.54,67953.28
46.56,66614.4
46.58,67443.2
46.6,67040.48
46.62,68165.28
46.64,67817.44
46.660000000000004,66807.2
46.68,67942.56
46.7,67713.12
46.72,68555.36
46.74,67897.76
46.76,68975.84
46.78,67412.48
46.800000000000004,67305.44
46.82,67077.12
46.84,67996.48
46.86,67331.04000000001
46.88,66722.4
46.9,67469.6
46.92,68313.44
46.94,67668.32
46.96,67790.56
46.980000000000004,69463.52
47.0,69079.84
47.02,68299.04000000001
47.04,67046.08
47.06,66949.12
47.08,67838.08
47.1,68387.36
47.12,68261.6
47.14,67918.72
47.160000000000004,68333.44
47.18,68765.28
47.2,69210.4
47.22,69138.08
47.24,68528.96
47.26,68858.08
47.28,67391.84
47.300000000000004,67609.76
47.32,68191.2
47.34,68189.76
47.36,68704.64
47.38,68735.2
47.4,69038.4
47.42,68890.24
47.44,69519.04000000001
47.46,68414.56
47.480000000000004,69016.16
47.5,69422.24
47.52,68401.76
47.54,68500.64
47.56,68447.52
47.58,68814.88
47.6,68453.92
47.62,68844.48
47.64,68857.44
47.660000000000004,68680.96
47.68,68377.28
47.7,69179.2
47.72,69448.32
47.74,68859.36
47.76,68357.44
47.78,68930.56
47.800000000000004,68019.52
47.82,68862.72
47.84,68071.84
47.86,68784.64
47.88,68889.6
47.9,68786.72
47.92,69472.64
47.94,69353.44
47.96,69896.96
47.980000000000004,68669.76
48.0,69379.2
48.02,68905.28
48.04,69580.0
48.06,69038.24
48.08,69967.68000000001
48.1,69316.8
48.120000000000005,69359.2
48.14,68689.92
48.160000000000004,69575.36
48.18,68754.24
48.2,70237.92
48.22,69261.6
48.24,70046.24
48.26,69881.12
48.28,69752.64
48.300000000000004,70663.68000000001
48.32,69792.32
48.34,69322.88
48.36,69793.44
48.38,70216.96
48.4,70709.44
48.42,68641.6
48.44,69784.48
48.46,70368.48
48.480000000000004,69377.92
48.5,70423.52
48.52,69890.56
48.54,71047.04000000001
48.56,69983.52
48.58,69888.32
48.6,70261.44
48.620000000000005,69857.76
48.64,71254.08
48.660000000000004,70164.96
48.68,71001.6
48.7,71316.48
48.72,70637.92
48.74,69716.48
48.76,69125.12
48.78,70128.96
48.800000000000004,69579.04000000001
48.82,69518.4
48.84,71619.68000000001
48.86,70564.96
48.88,70431.84
48.9,70197.92
48.92,71180.16
48.94,71132.0
48.96,71004.64
48.980000000000004,70943.84
49.0,71709.92
49.02,70028.16
49.04,70862.40000000001
49.06,70800.96
49.08,70456.96
49.1,71455.68000000001
49.120000000000005,70236.96
49.14,71305.12
49.160000000000004,71871.52
49.18,71169.28
49.2,71602.24
49.22,71712.16
49.24,71950.24
49.26,70953.6
49.28,70037.76
49.300000000000004,71794.88
49.32,71996.16
49.34,70610.40000000001
49.36,71847.52
49.38,70570.56
49.4,71778.40000000001
49.42,72109.76
49.44,71503.2
49.46,72541.44
49.480000000000004,71899.2
49.5,71503.84
49.52,70910.08
49.54,71691.84
49.56,71865.76
49.58,71239.68000000001
49.6,70947.04000000001
49.620000000000005,71563.52
49.64,71903.2
49.660000000000004,72876.96
49.68,72056.96
49.7,71036.64
49.72,71640.8
49.74,72443.52
49.76,72543.52
49.78,72162.88
49.800000000000004,71665.12
49.82,72754.08
49.84,73982.72
49.86,71826.40000000001
49.88,71954.40000000001
49.9,72388.32
49.92,73105.6
49.94,72523.52
49.96,72732.8
49.980000000000004,72220.64
50.0,72847.84
50.02,72492.48
50.04,71438.56
50.06,72544.16
50.08,72717.12
50.1,72791.04000000001
50.120000000000005,72941.28
50.14,72210.88
50.160000000000004,72058.40000000001
50.18,72681.76
50.2,72170.08
50.22,72329.28
50.24,72783.68000000001
50.26,73891.84
50.28,72900.32
50.300000000000004,73731.52
50.32,72785.44
50.34,73327.04000000001
50.36,73995.2
50.38,73619.68000000001
50.4,72736.64
50.42,73542.88
50.44,72787.36
50.46,74008.32
50.480000000000004,72749.12
50.5,73276.8
50.52,73210.40000000001
50.54,73967.2
50.56,73436.16
50.58,73061.6
50.6,73351.68000000001
50.620000000000005,74161.92
50.64,73679.52
50.660000000000004,73163.2
50.68,73391.04000000001
50.7,73341.76
50.72,73838.56
50.74,73796.32
50.76,73633.44
50.78,73629.92
50.800000000000004,74027.52
50.82,74426.72
50.84,74478.24
50.86,73159.52
50.88,73122.24
50.9,73893.6
50.92,74225.28
50.94,74452.96
50.96,74762.08
50.980000000000004,74609.28
51.0,73857.44
51.02,73689.92
51.04,73666.40000000001
51.06,73800.0
51.08,74900.8
51.1,73706.08
51.120000000000005,74047.84
51.14,74260.32
51.160000000000004,74526.40000000001
51.18,73960.0
51.2,74318.88
51.22,74011.2
51.24,75346.24
51.26,75485.92
51.28,74163.04000000001
51.300000000000004,74118.88
51.32,74707.84
51.34,75717.6
51.36,74077.6
51.38,74858.88
51.4,74813.28
51.42,75085.28
51.44,75435.84
51.46,74426.24
51.480000000000004,75746.72
51.5,75803.04000000001
51.52,74466.08
51.54,74545.6
51.56,74698.40000000001
51.58,74257.76
51.6,75622.24
51.620000000000005,75695.2
51.64,75854.08
51.660000000000004,75782.56
51.68,74825.12
51.7,74756.32
51.72,75031.52
51.74,75314.88
51.76,74114.40000000001
51.78,74767.84
51.800000000000004,75533.44
51.82,76439.36
51.84,75996.16
51.86,76104.0
51.88,76401.6
51.9,76261.92
51.92,76305.76
51.94,75429.92
51.96,75467.36
51.980000000000004,75737.44
52.0,75829.12
52.02,75994.08
52.04,76954.56
52.06,76156.32
52.08,74986.24
52.1,75943.52
52.120000000000005,76071.68000000001
52.14,76164.16
52.160000000000004,75310.72
52.18,76154.56
52.2,75857.92
52.22,76246.08
52.24,76071.84
52.26,76137.12
52.28,77290.08
52.300000000000004,76623.2
52.32,75677.6
52.34,76439.36
52.36,76009.92
52.38,76470.72
52.4,76577.12
52.42,76446.72
52.44,77367.68000000001
52.46,76934.56
52.480000000000004,77684.48
52.5,77527.84
52.52,76605.44
52.54,76187.52
52.56,77230.24
52.58,76865.28
52.6,76703.68000000001
52.620000000000005,76576.0
52.64,77556.0
52.660000000000004,76349.92
52.68,77551.52
52.7,77184.48
52.72,77090.08
52.74,77376.16
52.76,76614.72
52.78,76927.36
52.800000000000004,76961.92
52.82,77361.12
52.84,78014.88
52.86,77151.36
52.88,77587.36
52.9,77859.36
52.92,77567.36
52.94,77199.36
52.96,77324.32
52.980000000000004,78493.44
53.0,77280.16
53.02,77541.92
53.04,77188.32
53.06,77441.76
53.08,77953.76
53.1,78092.0
53.120000000000005,77567.04000000001
53.14,77324.0
53.160000000000004,78286.40000000001
53.18,78490.24
53.2,77920.32
53.22,78320.16
53.24,77545.92
53.26,78837.28
53.28,77453.76
53.300000000000004,78857.28
53.32,78477.92
53.34,78510.56
53.36,78563.84
53.38,77860.0
53.4,77003.04000000001
53.42,78474.24
53.44,77382.56
53.46,77633.28
53.480000000000004,77806.24
53.5,78269.92
53.52,79103.2
53.54,78743.84
53.56,79099.52
53.58,77325.28
53.6,78668.48
53.620000000000005,79306.56
53.64,79366.24
53.660000000000004,78896.48
53.68,78312.16
53.7,78151.68000000001
53.72,79571.52
53.74,78994.72
53.76,78502.72
53.78,79929.12
53.800000000000004,79664.0
53.82,79595.68000000001
53.84,79550.72
53.86,79003.04000000001
53.88,79503.04000000001
53.9,79119.84
53.92,78862.88
53.94,79416.64
53.96,79600.16
53.980000000000004,80038.72
54.0,78699.84
54.02,79700.8
54.04,79155.84
54.06,79460.0
54.08,80225.6
54.1,79269.6
54.120000000000005,79424.8
54.14,79910.24
54.160000000000004,80397.44
54.18,79772.16
54.2,80069.12
54.22,79403.04000000001
54.24,80013.12
54.26,79479.04000000001
54.28,79603.36
54.300000000000004,80546.72
54.32,79829.6
54.34,80146.08
54.36,81046.24
54.38,80461.76
54.4,80489.92
54.42,80497.44
54.44,80142.40000000001
54.46,79799.04000000001
54.480000000000004,79832.64
54.5,80083.84
54.52,80413.76
54.54,80727.04000000001
54.56,80153.76
54.58,81838.08
54.6,80937.12
54.620000000000005,80411.04000000001
54.64,80440.8
54.660000000000004,80702.40000000001
